top1_accuracy,top3_accuracy,macro_f1,horizon,history_length,config_id,epochs_ran,n_train,n_eval,split
0.86,0.9834782608695652,0.8203871944550196,1,4,gru_h4_e12_u48_d015_lr1e3,21,5361,1150,val
0.7191304347826087,0.937391304347826,0.6287282311707929,3,3,gru_h3_e12_u32_d015_lr1e3,28,5360,1150,val
0.5504347826086956,0.8643478260869565,0.4471980749555542,6,3,gru_h3_e8_u24_d010_lr1e3,25,5357,1150,val
0.4834782608695652,0.78,0.33177699687970685,12,6,gru_h6_e16_u64_d025_lr5e4,16,5348,1150,val
